Workbook

Sheet Schedule
B1: Doctor Schedule (Modern Flat) 2025-11-08 to 2025-11-21
A2: Date | B2: Specialty | C2: Doctor | D2: Shift | E2: Start Time | F2: Room | G2: Total Patients | H2: Before Break OPD Timing | I2: Before Break OPD Patients | J2: Breaks | K2: After Break OPD Timing | L2: After Break OPD Patients | M2: Status
A3: 08/11/2025 | B3: Orthopaedics | C3: Dr. Ahmed Azim Abdul Shakoor | E3: =IF($D3="Custom","",IFERROR(XLOOKUP($B3&"|"&$D3,ShiftKnowledge!$A$2:$A$9,ShiftKnowledge!$D$2:$D$9,""),IFERROR(INDEX(ShiftKnowledge!$D$2:$D$9,MATCH($B3&"|"&$D3,ShiftKnowledge!$A$2:$A$9,0)),""))) | G3: =IF(AND($I3="",$L3=""),"",IFERROR(VALUE($I3),0)+IFERROR(VALUE($L3),0)) | H3: =IF($D3="Custom","",IFERROR(XLOOKUP($B3&"|"&$D3,ShiftKnowledge!$A$2:$A$9,ShiftKnowledge!$E$2:$E$9,""),IFERROR(INDEX(ShiftKnowledge!$E$2:$E$9,MATCH($B3&"|"&$D3,ShiftKnowledge!$A$2:$A$9,0)),""))) | I3: =IF($D3="Custom","",IFERROR(XLOOKUP($B3&"|"&$D3,ShiftKnowledge!$A$2:$A$9,ShiftKnowledge!$F$2:$F$9,""),IFERROR(INDEX(ShiftKnowledge!$F$2:$F$9,MATCH($B3&"|"&$D3,ShiftKnowledge!$A$2:$A$9,0)),""))) | J3: =IF($D3="Custom","",IFERROR(XLOOKUP($B3&"|"&$D3,ShiftKnowledge!$A$2:$A$9,ShiftKnowledge!$G$2:$G$9,""),IFERROR(INDEX(ShiftKnowledge!$G$2:$G$9,MATCH($B3&"|"&$D3,ShiftKnowledge!$A$2:$A$9,0)),""))) | K3: =IF($D3="Custom","",IFERROR(XLOOKUP($B3&"|"&$D3,ShiftKnowledge!$A$2:$A$9,ShiftKnowledge!$H$2:$H$9,""),IFERROR(INDEX(ShiftKnowledge!$H$2:$H$9,MATCH($B3&"|"&$D3,ShiftKnowledge!$A$2:$A$9,0)),""))) | L3: =IF($D3="Custom","",IFERROR(XLOOKUP($B3&"|"&$D3,ShiftKnowledge!$A$2:$A$9,ShiftKnowledge!$I$2:$I$9,""),IFERROR(INDEX(ShiftKnowledge!$I$2:$I$9,MATCH($B3&"|"&$D3,ShiftKnowledge!$A$2:$A$9,0)),"")))
A4: 08/11/2025 | B4: Dermatology | C4: Dr. Ahmed Fekry Bahyeldin Khalafallah | E4: =IF($D4="Custom","",IFERROR(XLOOKUP($B4&"|"&$D4,ShiftKnowledge!$A$2:$A$9,ShiftKnowledge!$D$2:$D$9,""),IFERROR(INDEX(ShiftKnowledge!$D$2:$D$9,MATCH($B4&"|"&$D4,ShiftKnowledge!$A$2:$A$9,0)),""))) | G4: =IF(AND($I4="",$L4=""),"",IFERROR(VALUE($I4),0)+IFERROR(VALUE($L4),0)) | H4: =IF($D4="Custom","",IFERROR(XLOOKUP($B4&"|"&$D4,ShiftKnowledge!$A$2:$A$9,ShiftKnowledge!$E$2:$E$9,""),IFERROR(INDEX(ShiftKnowledge!$E$2:$E$9,MATCH($B4&"|"&$D4,ShiftKnowledge!$A$2:$A$9,0)),""))) | I4: =IF($D4="Custom","",IFERROR(XLOOKUP($B4&"|"&$D4,ShiftKnowledge!$A$2:$A$9,ShiftKnowledge!$F$2:$F$9,""),IFERROR(INDEX(ShiftKnowledge!$F$2:$F$9,MATCH($B4&"|"&$D4,ShiftKnowledge!$A$2:$A$9,0)),""))) | J4: =IF($D4="Custom","",IFERROR(XLOOKUP($B4&"|"&$D4,ShiftKnowledge!$A$2:$A$9,ShiftKnowledge!$G$2:$G$9,""),IFERROR(INDEX(ShiftKnowledge!$G$2:$G$9,MATCH($B4&"|"&$D4,ShiftKnowledge!$A$2:$A$9,0)),""))) | K4: =IF($D4="Custom","",IFERROR(XLOOKUP($B4&"|"&$D4,ShiftKnowledge!$A$2:$A$9,ShiftKnowledge!$H$2:$H$9,""),IFERROR(INDEX(ShiftKnowledge!$H$2:$H$9,MATCH($B4&"|"&$D4,ShiftKnowledge!$A$2:$A$9,0)),""))) | L4: =IF($D4="Custom","",IFERROR(XLOOKUP($B4&"|"&$D4,ShiftKnowledge!$A$2:$A$9,ShiftKnowledge!$I$2:$I$9,""),IFERROR(INDEX(ShiftKnowledge!$I$2:$I$9,MATCH($B4&"|"&$D4,ShiftKnowledge!$A$2:$A$9,0)),"")))
A5: 08/11/2025 | B5: Pulmonology | C5: Dr. Ahmed Gamal Youssef Meselhi | E5: =IF($D5="Custom","",IFERROR(XLOOKUP($B5&"|"&$D5,ShiftKnowledge!$A$2:$A$9,ShiftKnowledge!$D$2:$D$9,""),IFERROR(INDEX(ShiftKnowledge!$D$2:$D$9,MATCH($B5&"|"&$D5,ShiftKnowledge!$A$2:$A$9,0)),""))) | G5: =IF(AND($I5="",$L5=""),"",IFERROR(VALUE($I5),0)+IFERROR(VALUE($L5),0)) | H5: =IF($D5="Custom","",IFERROR(XLOOKUP($B5&"|"&$D5,ShiftKnowledge!$A$2:$A$9,ShiftKnowledge!$E$2:$E$9,""),IFERROR(INDEX(ShiftKnowledge!$E$2:$E$9,MATCH($B5&"|"&$D5,ShiftKnowledge!$A$2:$A$9,0)),""))) | I5: =IF($D5="Custom","",IFERROR(XLOOKUP($B5&"|"&$D5,ShiftKnowledge!$A$2:$A$9,ShiftKnowledge!$F$2:$F$9,""),IFERROR(INDEX(ShiftKnowledge!$F$2:$F$9,MATCH($B5&"|"&$D5,ShiftKnowledge!$A$2:$A$9,0)),""))) | J5: =IF($D5="Custom","",IFERROR(XLOOKUP($B5&"|"&$D5,ShiftKnowledge!$A$2:$A$9,ShiftKnowledge!$G$2:$G$9,""),IFERROR(INDEX(ShiftKnowledge!$G$2:$G$9,MATCH($B5&"|"&$D5,ShiftKnowledge!$A$2:$A$9,0)),""))) | K5: =IF($D5="Custom","",IFERROR(XLOOKUP($B5&"|"&$D5,ShiftKnowledge!$A$2:$A$9,ShiftKnowledge!$H$2:$H$9,""),IFERROR(INDEX(ShiftKnowledge!$H$2:$H$9,MATCH($B5&"|"&$D5,ShiftKnowledge!$A$2:$A$9,0)),""))) | L5: =IF($D5="Custom","",IFERROR(XLOOKUP($B5&"|"&$D5,ShiftKnowledge!$A$2:$A$9,ShiftKnowledge!$I$2:$I$9,""),IFERROR(INDEX(ShiftKnowledge!$I$2:$I$9,MATCH($B5&"|"&$D5,ShiftKnowledge!$A$2:$A$9,0)),"")))
A6: 08/11/2025 | B6: Dental | C6: Dr. Aishath Suha Ali | E6: =IF($D6="Custom","",IFERROR(XLOOKUP($B6&"|"&$D6,ShiftKnowledge!$A$2:$A$9,ShiftKnowledge!$D$2:$D$9,""),IFERROR(INDEX(ShiftKnowledge!$D$2:$D$9,MATCH($B6&"|"&$D6,ShiftKnowledge!$A$2:$A$9,0)),""))) | G6: =IF(AND($I6="",$L6=""),"",IFERROR(VALUE($I6),0)+IFERROR(VALUE($L6),0)) | H6: =IF($D6="Custom","",IFERROR(XLOOKUP($B6&"|"&$D6,ShiftKnowledge!$A$2:$A$9,ShiftKnowledge!$E$2:$E$9,""),IFERROR(INDEX(ShiftKnowledge!$E$2:$E$9,MATCH($B6&"|"&$D6,ShiftKnowledge!$A$2:$A$9,0)),""))) | I6: =IF($D6="Custom","",IFERROR(XLOOKUP($B6&"|"&$D6,ShiftKnowledge!$A$2:$A$9,ShiftKnowledge!$F$2:$F$9,""),IFERROR(INDEX(ShiftKnowledge!$F$2:$F$9,MATCH($B6&"|"&$D6,ShiftKnowledge!$A$2:$A$9,0)),""))) | J6: =IF($D6="Custom","",IFERROR(XLOOKUP($B6&"|"&$D6,ShiftKnowledge!$A$2:$A$9,ShiftKnowledge!$G$2:$G$9,""),IFERROR(INDEX(ShiftKnowledge!$G$2:$G$9,MATCH($B6&"|"&$D6,ShiftKnowledge!$A$2:$A$9,0)),""))) | K6: =IF($D6="Custom","",IFERROR(XLOOKUP($B6&"|"&$D6,ShiftKnowledge!$A$2:$A$9,ShiftKnowledge!$H$2:$H$9,""),IFERROR(INDEX(ShiftKnowledge!$H$2:$H$9,MATCH($B6&"|"&$D6,ShiftKnowledge!$A$2:$A$9,0)),""))) | L6: =IF($D6="Custom","",IFERROR(XLOOKUP($B6&"|"&$D6,ShiftKnowledge!$A$2:$A$9,ShiftKnowledge!$I$2:$I$9,""),IFERROR(INDEX(ShiftKnowledge!$I$2:$I$9,MATCH($B6&"|"&$D6,ShiftKnowledge!$A$2:$A$9,0)),"")))
A7: 08/11/2025 | B7: Paediatrics | C7: Dr. Alaa Adel Ahmed Sayed Ahmed Sobeih Elamawey | E7: =IF($D7="Custom","",IFERROR(XLOOKUP($B7&"|"&$D7,ShiftKnowledge!$A$2:$A$9,ShiftKnowledge!$D$2:$D$9,""),IFERROR(INDEX(ShiftKnowledge!$D$2:$D$9,MATCH($B7&"|"&$D7,ShiftKnowledge!$A$2:$A$9,0)),""))) | G7: =IF(AND($I7="",$L7=""),"",IFERROR(VALUE($I7),0)+IFERROR(VALUE($L7),0)) | H7: =IF($D7="Custom","",IFERROR(XLOOKUP($B7&"|"&$D7,ShiftKnowledge!$A$2:$A$9,ShiftKnowledge!$E$2:$E$9,""),IFERROR(INDEX(ShiftKnowledge!$E$2:$E$9,MATCH($B7&"|"&$D7,ShiftKnowledge!$A$2:$A$9,0)),""))) | I7: =IF($D7="Custom","",IFERROR(XLOOKUP($B7&"|"&$D7,ShiftKnowledge!$A$2:$A$9,ShiftKnowledge!$F$2:$F$9,""),IFERROR(INDEX(ShiftKnowledge!$F$2:$F$9,MATCH($B7&"|"&$D7,ShiftKnowledge!$A$2:$A$9,0)),""))) | J7: =IF($D7="Custom","",IFERROR(XLOOKUP($B7&"|"&$D7,ShiftKnowledge!$A$2:$A$9,ShiftKnowledge!$G$2:$G$9,""),IFERROR(INDEX(ShiftKnowledge!$G$2:$G$9,MATCH($B7&"|"&$D7,ShiftKnowledge!$A$2:$A$9,0)),""))) | K7: =IF($D7="Custom","",IFERROR(XLOOKUP($B7&"|"&$D7,ShiftKnowledge!$A$2:$A$9,ShiftKnowledge!$H$2:$H$9,""),IFERROR(INDEX(ShiftKnowledge!$H$2:$H$9,MATCH($B7&"|"&$D7,ShiftKnowledge!$A$2:$A$9,0)),""))) | L7: =IF($D7="Custom","",IFERROR(XLOOKUP($B7&"|"&$D7,ShiftKnowledge!$A$2:$A$9,ShiftKnowledge!$I$2:$I$9,""),IFERROR(INDEX(ShiftKnowledge!$I$2:$I$9,MATCH($B7&"|"&$D7,ShiftKnowledge!$A$2:$A$9,0)),"")))
A8: 08/11/2025 | B8: Paediatrics | C8: Dr. Alisha Joshi | E8: =IF($D8="Custom","",IFERROR(XLOOKUP($B8&"|"&$D8,ShiftKnowledge!$A$2:$A$9,ShiftKnowledge!$D$2:$D$9,""),IFERROR(INDEX(ShiftKnowledge!$D$2:$D$9,MATCH($B8&"|"&$D8,ShiftKnowledge!$A$2:$A$9,0)),""))) | G8: =IF(AND($I8="",$L8=""),"",IFERROR(VALUE($I8),0)+IFERROR(VALUE($L8),0)) | H8: =IF($D8="Custom","",IFERROR(XLOOKUP($B8&"|"&$D8,ShiftKnowledge!$A$2:$A$9,ShiftKnowledge!$E$2:$E$9,""),IFERROR(INDEX(ShiftKnowledge!$E$2:$E$9,MATCH($B8&"|"&$D8,ShiftKnowledge!$A$2:$A$9,0)),""))) | I8: =IF($D8="Custom","",IFERROR(XLOOKUP($B8&"|"&$D8,ShiftKnowledge!$A$2:$A$9,ShiftKnowledge!$F$2:$F$9,""),IFERROR(INDEX(ShiftKnowledge!$F$2:$F$9,MATCH($B8&"|"&$D8,ShiftKnowledge!$A$2:$A$9,0)),""))) | J8: =IF($D8="Custom","",IFERROR(XLOOKUP($B8&"|"&$D8,ShiftKnowledge!$A$2:$A$9,ShiftKnowledge!$G$2:$G$9,""),IFERROR(INDEX(ShiftKnowledge!$G$2:$G$9,MATCH($B8&"|"&$D8,ShiftKnowledge!$A$2:$A$9,0)),""))) | K8: =IF($D8="Custom","",IFERROR(XLOOKUP($B8&"|"&$D8,ShiftKnowledge!$A$2:$A$9,ShiftKnowledge!$H$2:$H$9,""),IFERROR(INDEX(ShiftKnowledge!$H$2:$H$9,MATCH($B8&"|"&$D8,ShiftKnowledge!$A$2:$A$9,0)),""))) | L8: =IF($D8="Custom","",IFERROR(XLOOKUP($B8&"|"&$D8,ShiftKnowledge!$A$2:$A$9,ShiftKnowledge!$I$2:$I$9,""),IFERROR(INDEX(ShiftKnowledge!$I$2:$I$9,MATCH($B8&"|"&$D8,ShiftKnowledge!$A$2:$A$9,0)),"")))
A9: 08/11/2025 | B9: Dental | C9: Dr. Aminath Dhunyana | E9: =IF($D9="Custom","",IFERROR(XLOOKUP($B9&"|"&$D9,ShiftKnowledge!$A$2:$A$9,ShiftKnowledge!$D$2:$D$9,""),IFERROR(INDEX(ShiftKnowledge!$D$2:$D$9,MATCH($B9&"|"&$D9,ShiftKnowledge!$A$2:$A$9,0)),""))) | G9: =IF(AND($I9="",$L9=""),"",IFERROR(VALUE($I9),0)+IFERROR(VALUE($L9),0)) | H9: =IF($D9="Custom","",IFERROR(XLOOKUP($B9&"|"&$D9,ShiftKnowledge!$A$2:$A$9,ShiftKnowledge!$E$2:$E$9,""),IFERROR(INDEX(ShiftKnowledge!$E$2:$E$9,MATCH($B9&"|"&$D9,ShiftKnowledge!$A$2:$A$9,0)),""))) | I9: =IF($D9="Custom","",IFERROR(XLOOKUP($B9&"|"&$D9,ShiftKnowledge!$A$2:$A$9,ShiftKnowledge!$F$2:$F$9,""),IFERROR(INDEX(ShiftKnowledge!$F$2:$F$9,MATCH($B9&"|"&$D9,ShiftKnowledge!$A$2:$A$9,0)),""))) | J9: =IF($D9="Custom","",IFERROR(XLOOKUP($B9&"|"&$D9,ShiftKnowledge!$A$2:$A$9,ShiftKnowledge!$G$2:$G$9,""),IFERROR(INDEX(ShiftKnowledge!$G$2:$G$9,MATCH($B9&"|"&$D9,ShiftKnowledge!$A$2:$A$9,0)),""))) | K9: =IF($D9="Custom","",IFERROR(XLOOKUP($B9&"|"&$D9,ShiftKnowledge!$A$2:$A$9,ShiftKnowledge!$H$2:$H$9,""),IFERROR(INDEX(ShiftKnowledge!$H$2:$H$9,MATCH($B9&"|"&$D9,ShiftKnowledge!$A$2:$A$9,0)),""))) | L9: =IF($D9="Custom","",IFERROR(XLOOKUP($B9&"|"&$D9,ShiftKnowledge!$A$2:$A$9,ShiftKnowledge!$I$2:$I$9,""),IFERROR(INDEX(ShiftKnowledge!$I$2:$I$9,MATCH($B9&"|"&$D9,ShiftKnowledge!$A$2:$A$9,0)),"")))
A10: 08/11/2025 | B10: Gynaecology | C10: Dr. Aminath Juhaina | E10: =IF($D10="Custom","",IFERROR(XLOOKUP($B10&"|"&$D10,ShiftKnowledge!$A$2:$A$9,ShiftKnowledge!$D$2:$D$9,""),IFERROR(INDEX(ShiftKnowledge!$D$2:$D$9,MATCH($B10&"|"&$D10,ShiftKnowledge!$A$2:$A$9,0)),""))) | G10: =IF(AND($I10="",$L10=""),"",IFERROR(VALUE($I10),0)+IFERROR(VALUE($L10),0)) | H10: =IF($D10="Custom","",IFERROR(XLOOKUP($B10&"|"&$D10,ShiftKnowledge!$A$2:$A$9,ShiftKnowledge!$E$2:$E$9,""),IFERROR(INDEX(ShiftKnowledge!$E$2:$E$9,MATCH($B10&"|"&$D10,ShiftKnowledge!$A$2:$A$9,0)),""))) | I10: =IF($D10="Custom","",IFERROR(XLOOKUP($B10&"|"&$D10,ShiftKnowledge!$A$2:$A$9,ShiftKnowledge!$F$2:$F$9,""),IFERROR(INDEX(ShiftKnowledge!$F$2:$F$9,MATCH($B10&"|"&$D10,ShiftKnowledge!$A$2:$A$9,0)),""))) | J10: =IF($D10="Custom","",IFERROR(XLOOKUP($B10&"|"&$D10,ShiftKnowledge!$A$2:$A$9,ShiftKnowledge!$G$2:$G$9,""),IFERROR(INDEX(ShiftKnowledge!$G$2:$G$9,MATCH($B10&"|"&$D10,ShiftKnowledge!$A$2:$A$9,0)),""))) | K10: =IF($D10="Custom","",IFERROR(XLOOKUP($B10&"|"&$D10,ShiftKnowledge!$A$2:$A$9,ShiftKnowledge!$H$2:$H$9,""),IFERROR(INDEX(ShiftKnowledge!$H$2:$H$9,MATCH($B10&"|"&$D10,ShiftKnowledge!$A$2:$A$9,0)),""))) | L10: =IF($D10="Custom","",IFERROR(XLOOKUP($B10&"|"&$D10,ShiftKnowledge!$A$2:$A$9,ShiftKnowledge!$I$2:$I$9,""),IFERROR(INDEX(ShiftKnowledge!$I$2:$I$9,MATCH($B10&"|"&$D10,ShiftKnowledge!$A$2:$A$9,0)),"")))
A11: 08/11/2025 | B11: Dental | C11: Dr. Aminath Khazna Musthafa | E11: =IF($D11="Custom","",IFERROR(XLOOKUP($B11&"|"&$D11,ShiftKnowledge!$A$2:$A$9,ShiftKnowledge!$D$2:$D$9,""),IFERROR(INDEX(ShiftKnowledge!$D$2:$D$9,MATCH($B11&"|"&$D11,ShiftKnowledge!$A$2:$A$9,0)),""))) | G11: =IF(AND($I11="",$L11=""),"",IFERROR(VALUE($I11),0)+IFERROR(VALUE($L11),0)) | H11: =IF($D11="Custom","",IFERROR(XLOOKUP($B11&"|"&$D11,ShiftKnowledge!$A$2:$A$9,ShiftKnowledge!$E$2:$E$9,""),IFERROR(INDEX(ShiftKnowledge!$E$2:$E$9,MATCH($B11&"|"&$D11,ShiftKnowledge!$A$2:$A$9,0)),""))) | I11: =IF($D11="Custom","",IFERROR(XLOOKUP($B11&"|"&$D11,ShiftKnowledge!$A$2:$A$9,ShiftKnowledge!$F$2:$F$9,""),IFERROR(INDEX(ShiftKnowledge!$F$2:$F$9,MATCH($B11&"|"&$D11,ShiftKnowledge!$A$2:$A$9,0)),""))) | J11: =IF($D11="Custom","",IFERROR(XLOOKUP($B11&"|"&$D11,ShiftKnowledge!$A$2:$A$9,ShiftKnowledge!$G$2:$G$9,""),IFERROR(INDEX(ShiftKnowledge!$G$2:$G$9,MATCH($B11&"|"&$D11,ShiftKnowledge!$A$2:$A$9,0)),""))) | K11: =IF($D11="Custom","",IFERROR(XLOOKUP($B11&"|"&$D11,ShiftKnowledge!$A$2:$A$9,ShiftKnowledge!$H$2:$H$9,""),IFERROR(INDEX(ShiftKnowledge!$H$2:$H$9,MATCH($B11&"|"&$D11,ShiftKnowledge!$A$2:$A$9,0)),""))) | L11: =IF($D11="Custom","",IFERROR(XLOOKUP($B11&"|"&$D11,ShiftKnowledge!$A$2:$A$9,ShiftKnowledge!$I$2:$I$9,""),IFERROR(INDEX(ShiftKnowledge!$I$2:$I$9,MATCH($B11&"|"&$D11,ShiftKnowledge!$A$2:$A$9,0)),"")))
A12: 08/11/2025 | B12: Internal Medicine | C12: Dr. Aminath Munaza | E12: =IF($D12="Custom","",IFERROR(XLOOKUP($B12&"|"&$D12,ShiftKnowledge!$A$2:$A$9,ShiftKnowledge!$D$2:$D$9,""),IFERROR(INDEX(ShiftKnowledge!$D$2:$D$9,MATCH($B12&"|"&$D12,ShiftKnowledge!$A$2:$A$9,0)),""))) | G12: =IF(AND($I12="",$L12=""),"",IFERROR(VALUE($I12),0)+IFERROR(VALUE($L12),0)) | H12: =IF($D12="Custom","",IFERROR(XLOOKUP($B12&"|"&$D12,ShiftKnowledge!$A$2:$A$9,ShiftKnowledge!$E$2:$E$9,""),IFERROR(INDEX(ShiftKnowledge!$E$2:$E$9,MATCH($B12&"|"&$D12,ShiftKnowledge!$A$2:$A$9,0)),""))) | I12: =IF($D12="Custom","",IFERROR(XLOOKUP($B12&"|"&$D12,ShiftKnowledge!$A$2:$A$9,ShiftKnowledge!$F$2:$F$9,""),IFERROR(INDEX(ShiftKnowledge!$F$2:$F$9,MATCH($B12&"|"&$D12,ShiftKnowledge!$A$2:$A$9,0)),""))) | J12: =IF($D12="Custom","",IFERROR(XLOOKUP($B12&"|"&$D12,ShiftKnowledge!$A$2:$A$9,ShiftKnowledge!$G$2:$G$9,""),IFERROR(INDEX(ShiftKnowledge!$G$2:$G$9,MATCH($B12&"|"&$D12,ShiftKnowledge!$A$2:$A$9,0)),""))) | K12: =IF($D12="Custom","",IFERROR(XLOOKUP($B12&"|"&$D12,ShiftKnowledge!$A$2:$A$9,ShiftKnowledge!$H$2:$H$9,""),IFERROR(INDEX(ShiftKnowledge!$H$2:$H$9,MATCH($B12&"|"&$D12,ShiftKnowledge!$A$2:$A$9,0)),""))) | L12: =IF($D12="Custom","",IFERROR(XLOOKUP($B12&"|"&$D12,ShiftKnowledge!$A$2:$A$9,ShiftKnowledge!$I$2:$I$9,""),IFERROR(INDEX(ShiftKnowledge!$I$2:$I$9,MATCH($B12&"|"&$D12,ShiftKnowledge!$A$2:$A$9,0)),"")))
A13: 08/11/2025 | B13: Psychiatry | C13: Dr. Anas Mohamed Anwar Ahmed Ali | E13: =IF($D13="Custom","",IFERROR(XLOOKUP($B13&"|"&$D13,ShiftKnowledge!$A$2:$A$9,ShiftKnowledge!$D$2:$D$9,""),IFERROR(INDEX(ShiftKnowledge!$D$2:$D$9,MATCH($B13&"|"&$D13,ShiftKnowledge!$A$2:$A$9,0)),""))) | G13: =IF(AND($I13="",$L13=""),"",IFERROR(VALUE($I13),0)+IFERROR(VALUE($L13),0)) | H13: =IF($D13="Custom","",IFERROR(XLOOKUP($B13&"|"&$D13,ShiftKnowledge!$A$2:$A$9,ShiftKnowledge!$E$2:$E$9,""),IFERROR(INDEX(ShiftKnowledge!$E$2:$E$9,MATCH($B13&"|"&$D13,ShiftKnowledge!$A$2:$A$9,0)),""))) | I13: =IF($D13="Custom","",IFERROR(XLOOKUP($B13&"|"&$D13,ShiftKnowledge!$A$2:$A$9,ShiftKnowledge!$F$2:$F$9,""),IFERROR(INDEX(ShiftKnowledge!$F$2:$F$9,MATCH($B13&"|"&$D13,ShiftKnowledge!$A$2:$A$9,0)),""))) | J13: =IF($D13="Custom","",IFERROR(XLOOKUP($B13&"|"&$D13,ShiftKnowledge!$A$2:$A$9,ShiftKnowledge!$G$2:$G$9,""),IFERROR(INDEX(ShiftKnowledge!$G$2:$G$9,MATCH($B13&"|"&$D13,ShiftKnowledge!$A$2:$A$9,0)),""))) | K13: =IF($D13="Custom","",IFERROR(XLOOKUP($B13&"|"&$D13,ShiftKnowledge!$A$2:$A$9,ShiftKnowledge!$H$2:$H$9,""),IFERROR(INDEX(ShiftKnowledge!$H$2:$H$9,MATCH($B13&"|"&$D13,ShiftKnowledge!$A$2:$A$9,0)),""))) | L13: =IF($D13="Custom","",IFERROR(XLOOKUP($B13&"|"&$D13,ShiftKnowledge!$A$2:$A$9,ShiftKnowledge!$I$2:$I$9,""),IFERROR(INDEX(ShiftKnowledge!$I$2:$I$9,MATCH($B13&"|"&$D13,ShiftKnowledge!$A$2:$A$9,0)),"")))
A14: 08/11/2025 | B14: Oral Maxillo facial surgery (OMS) | C14: Dr. Arpita Singh | E14: =IF($D14="Custom","",IFERROR(XLOOKUP($B14&"|"&$D14,ShiftKnowledge!$A$2:$A$9,ShiftKnowledge!$D$2:$D$9,""),IFERROR(INDEX(ShiftKnowledge!$D$2:$D$9,MATCH($B14&"|"&$D14,ShiftKnowledge!$A$2:$A$9,0)),""))) | G14: =IF(AND($I14="",$L14=""),"",IFERROR(VALUE($I14),0)+IFERROR(VALUE($L14),0)) | H14: =IF($D14="Custom","",IFERROR(XLOOKUP($B14&"|"&$D14,ShiftKnowledge!$A$2:$A$9,ShiftKnowledge!$E$2:$E$9,""),IFERROR(INDEX(ShiftKnowledge!$E$2:$E$9,MATCH($B14&"|"&$D14,ShiftKnowledge!$A$2:$A$9,0)),""))) | I14: =IF($D14="Custom","",IFERROR(XLOOKUP($B14&"|"&$D14,ShiftKnowledge!$A$2:$A$9,ShiftKnowledge!$F$2:$F$9,""),IFERROR(INDEX(ShiftKnowledge!$F$2:$F$9,MATCH($B14&"|"&$D14,ShiftKnowledge!$A$2:$A$9,0)),""))) | J14: =IF($D14="Custom","",IFERROR(XLOOKUP($B14&"|"&$D14,ShiftKnowledge!$A$2:$A$9,ShiftKnowledge!$G$2:$G$9,""),IFERROR(INDEX(ShiftKnowledge!$G$2:$G$9,MATCH($B14&"|"&$D14,ShiftKnowledge!$A$2:$A$9,0)),""))) | K14: =IF($D14="Custom","",IFERROR(XLOOKUP($B14&"|"&$D14,ShiftKnowledge!$A$2:$A$9,ShiftKnowledge!$H$2:$H$9,""),IFERROR(INDEX(ShiftKnowledge!$H$2:$H$9,MATCH($B14&"|"&$D14,ShiftKnowledge!$A$2:$A$9,0)),""))) | L14: =IF($D14="Custom","",IFERROR(XLOOKUP($B14&"|"&$D14,ShiftKnowledge!$A$2:$A$9,ShiftKnowledge!$I$2:$I$9,""),IFERROR(INDEX(ShiftKnowledge!$I$2:$I$9,MATCH($B14&"|"&$D14,ShiftKnowledge!$A$2:$A$9,0)),"")))
... A530: 20/11/2025 | B530: Gynaecology | C530: Dr. Zarina Kabilova | E530: =IF($D530="Custom","",IFERROR(XLOOKUP($B530&"|"&$D530,ShiftKnowledge!$A$2:$A$9,ShiftKnowledge!$D$2:$D$9,""),IFERROR(INDEX(ShiftKnowledge!$D$2:$D$9,MATCH($B530&"|"&$D530,ShiftKnowledge!$A$2:$A$9,0)),""))) | G530: =IF(AND($I530="",$L530=""),"",IFERROR(VALUE($I530),0)+IFERROR(VALUE($L530),0)) | H530: =IF($D530="Custom","",IFERROR(XLOOKUP($B530&"|"&$D530,ShiftKnowledge!$A$2:$A$9,ShiftKnowledge!$E$2:$E$9,""),IFERROR(INDEX(ShiftKnowledge!$E$2:$E$9,MATCH($B530&"|"&$D530,ShiftKnowledge!$A$2:$A$9,0)),""))) | I530: =IF($D530="Custom","",IFERROR(XLOOKUP($B530&"|"&$D530,ShiftKnowledge!$A$2:$A$9,ShiftKnowledge!$F$2:$F$9,""),IFERROR(INDEX(ShiftKnowledge!$F$2:$F$9,MATCH($B530&"|"&$D530,ShiftKnowledge!$A$2:$A$9,0)),""))) | J530: =IF($D530="Custom","",IFERROR(XLOOKUP($B530&"|"&$D530,ShiftKnowledge!$A$2:$A$9,ShiftKnowledge!$G$2:$G$9,""),IFERROR(INDEX(ShiftKnowledge!$G$2:$G$9,MATCH($B530&"|"&$D530,ShiftKnowledge!$A$2:$A$9,0)),""))) | K530: =IF($D530="Custom","",IFERROR(XLOOKUP($B530&"|"&$D530,ShiftKnowledge!$A$2:$A$9,ShiftKnowledge!$H$2:$H$9,""),IFERROR(INDEX(ShiftKnowledge!$H$2:$H$9,MATCH($B530&"|"&$D530,ShiftKnowledge!$A$2:$A$9,0)),""))) | L530: =IF($D530="Custom","",IFERROR(XLOOKUP($B530&"|"&$D530,ShiftKnowledge!$A$2:$A$9,ShiftKnowledge!$I$2:$I$9,""),IFERROR(INDEX(ShiftKnowledge!$I$2:$I$9,MATCH($B530&"|"&$D530,ShiftKnowledge!$A$2:$A$9,0)),"")))

Sheet ShiftKnowledge
A1: Key | B1: Specialty | C1: Shift | D1: Start Time | E1: Before Timing | F1: Before Patients | G1: Breaks | H1: After Timing | I1: After Patients | J1: Total Patients
A2: Internal Medicine|Shift 1 | B2: Internal Medicine | C2: Shift 1 | D2: 08:00 | E2: 08:00-12:00 | F2: 15 | G2: 12:00-13:00 | H2: 13:00-16:00 | I2: 15 | J2: 30
A3: Internal Medicine|Shift 2 | B3: Internal Medicine | C3: Shift 2 | D3: 13:00 | E3: 13:00-18:00 | F3: 15 | G3: 18:00-19:00 | H3: 19:00-21:00 | I3: 15 | J3: 30
A4: Orthopaedics|Shift 1 | B4: Orthopaedics | C4: Shift 1 | D4: 08:00 | E4: 08:00-12:30 | F4: 12 | G4: 12:30-13:30 | H4: 13:30-16:30 | I4: 12 | J4: 24
A5: Orthopaedics|Shift 2 | B5: Orthopaedics | C5: Shift 2 | D5: 13:00 | E5: 13:00-17:00 | F5: 12 | G5: 17:00-18:00 | H5: 18:00-21:00 | I5: 12 | J5: 24
A6: Obstetrics & Gynaecology|Shift 1 | B6: Obstetrics & Gynaecology | C6: Shift 1 | D6: 08:00 | E6: 08:00-12:00 | F6: 12 | G6: 12:00-13:00 | H6: 13:00-16:00 | I6: 12 | J6: 24
A7: Obstetrics & Gynaecology|Shift 2 | B7: Obstetrics & Gynaecology | C7: Shift 2 | D7: 13:00 | E7: 13:00-18:00 | F7: 12 | G7: 18:00-19:00 | H7: 19:00-21:00 | I7: 12 | J7: 24
A8: Paediatrics|Shift 1 | B8: Paediatrics | C8: Shift 1 | D8: 08:00 | E8: 08:00-12:00 | F8: 15 | G8: 12:00-13:00 | H8: 13:00-16:00 | I8: 15 | J8: 30
A9: Paediatrics|Shift 2 | B9: Paediatrics | C9: Shift 2 | D9: 13:00 | E9: 13:00-18:00 | F9: 15 | G9: 18:00-19:00 | H9: 19:00-21:00 | I9: 15 | J9: 30

Sheet Instructions
A1: MODERN TEMPLATE QUICK GUIDE
A3: Editing Tips:
A4: • Enter Start Time as 08:00 (24h).
A5: • Breaks: e.g. 11:00-13:00 or leave blank.
A6: • Timing columns hold ranges (e.g. 08:00-11:00).
A7: • Patient columns hold counts (integers).
A8: • Use Shift to auto-fill timing and breaks from the knowledge base; choose Custom to override.
A9: • Leave Status blank for normal duty; use OFF / ON/CALL / POST ON/CALL.
A10: • Filter on Date or Doctor using header drop-downs.
A12: Colour Legend:
A13: White / very light green alternation improves row tracking.
A14: Green header = structure; DO NOT rename columns.
... A21: 5. Apply schedules.
